<?xml version="1.0" encoding="UTF-8"?>
<beans xmlns="http://www.springframework.org/schema/beans"
	xmlns:xsi="http://www.w3.org/2001/XMLSchema-instance"
	xmlns:jdbc="http://www.springframework.org/schema/jdbc"
	xmlns:tx="http://www.springframework.org/schema/tx"
	xmlns:aop="http://www.springframework.org/schema/aop"
	xsi:schemaLocation="http://www.springframework.org/schema/jdbc http://www.springframework.org/schema/jdbc/spring-jdbc.xsd
		http://www.springframework.org/schema/beans http://www.springframework.org/schema/beans/spring-beans.xsd
		http://www.springframework.org/schema/aop http://www.springframework.org/schema/aop/spring-aop.xsd
		http://www.springframework.org/schema/tx http://www.springframework.org/schema/tx/spring-tx.xsd">
		

	<!-- Root Context: defines shared resources visible to all other web components -->
	<bean id="dataSource" 


	
	
		class="org.springframework.jdbc.datasource.DriverManagerDataSource">
		<property name="driverClassName" value="oracle.jdbc.driver.OracleDriver"/>
		<property name="url" value="jdbc:oracle:thin:@localhost:1521:XE" />
		<property name="username" value="KL"/>
		<property name="password" value="1111"/>
		
	</bean>
	
	
	
	<bean id="sqlSessionFactory" class="org.mybatis.spring.SqlSessionFactoryBean"> 
		<property name="dataSource" ref="dataSource"/>
		<property name="configLocation" value="classpath:/mybatis-config.xml" />
		<property name="mapperLocations" value="classpath:/sql_mapper/*.xml" />
	</bean>
	
	<bean id="sqlSession" class="org.mybatis.spring.SqlSessionTemplate" 
			destroy-method="clearCache">
		<constructor-arg name="sqlSessionFactory" ref="sqlSessionFactory" />
	</bean>
	
	<bean id="transactionManager" 

		class="org.springframework.jdbc.datasource.DataSourceTransactionManager">
		<property name="dataSource" ref="dataSource" />
	</bean>
	<!-- 메일보내기 -->
   <bean id="mailSender" class = "org.springframework.mail.javamail.JavaMailSenderImpl">
      <property name="host" value="smtp.gmail.com" />
      <property name="port" value="587" />
      <property name="username" value="kyg7414@gmail.com" />
      <property name="password" value="gvsggvdgdvermjjg" />
      <property name="javaMailProperties">
         <props>
               <prop key="mail.transport.protocol">smtp</prop>
               <prop key="mail.smtp.auth">true</prop>
               <prop key="mail.smtp.starttls.enable">true</prop>
               <prop key="mail.debug">true</prop>
         </props>
      </property>
      
 
   </bean>
   <bean id="chatController" class="com.KL.member.controller.MemberController" />
   
   <bean id="echoHandler" class="com.KL.member.controller.EchoHandler" />
   
	<tx:annotation-driven transaction-manager="transactionManager"/>
		
</beans>
