<?xml version="1.0" encoding="UTF-8"?>
<!DOCTYPE mapper PUBLIC "-//mybatis.org//DTD Mapper 3.0//EN"
"http://mybatis.org/dtdmybatis-3-mapper.dtd">
<mapper namespace="Member">

<insert parameterType="member" id="memberJoin"> INSERT INTO MEMBER VALUES(#{id}, #{password},#{name},#{gender},#{address},#{phone_number},#{email},#{classify},'false',#{approval_key}) </insert>


<!-- 이메일 인증 -->
<update id="approval_member" parameterType="member">
	update member set approval_status = 'true' where email = #{email} and approval_key = #{approval_key}
</update>

<!-- 아이디 중복 검사 -->
	<select id="check_id" parameterType="member" resultType="int">
		select count(*) from member where id = #{id} order by id asc
	</select>
	





<!-- 로그인 -->


<select parameterType="member" id="login" resultType="member"> SELECT * FROM MEMBER WHERE ID = #{id} </select>

<!-- 멤버 리스트 -->


<select id="memberList" resultType="member"> SELECT * FROM MEMBER order by id asc</select>

<!-- 멤버 상세 보기 -->


<select parameterType="member" id="memberView" resultType="member"> SELECT * FROM MEMBER WHERE ID= #{id} order by id asc</select>

<!-- 멤버 삭제 -->


<delete parameterType="member" id="memberDelete"> DELETE FROM MEMBER WHERE ID = #{id} </delete>


<select id="textList" parameterType="member" resultType="member">
SELECT * FROM MEMBER WHERE CLASSIFY=1 and APPROVAL_STATUS='true' order by id asc
</select>
<select id="ptView" parameterType="member" resultType="member">
SELECT * FROM MEMBER where id=#{id} order by id asc
</select>



</mapper>

