<?xml version="1.0" encoding="UTF-8"?>
<!DOCTYPE mapper PUBLIC "-//mybatis.org//DTD Mapper 3.0//EN"
"http://mybatis.org/dtdmybatis-3-mapper.dtd">
<mapper namespace="Pt">
<!-- 켈린더값입력 -->
<insert parameterType="pt" id="ptmake"> 
INSERT INTO FULLCALENDAR VALUES(#{id}, #{title}, #{starttime},#{endtime},#{price},#{count},#{log}) 
</insert>
<!-- 달력 -->
<select id="callender" parameterType="pt" resultType="pt">
SELECT * FROM FULLCALENDAR where id=#{id} order by title asc
</select>

<!--강의목록  -->
<select id="ptList" parameterType="pt" resultType="pt">
SELECT * FROM FULLCALENDAR where id=#{id} order by title asc
</select>
<select id="relistview" parameterType="pt" resultType="pt">
SELECT * FROM pt where id=#{id} order by title asc
</select>

<!-- 수정페이지 -->
<select id="reptmake" parameterType="pt" resultType="pt">
SELECT * FROM FULLCALENDAR where log=#{log} order by title asc
</select>

<update id="increaseHit" parameterType="pt">
UPDATE FULLCALENDAR SET log=log+1 WHERE Id=#{id}
</update>

<update id="increase" parameterType="pt">
UPDATE FULLCALENDAR SET count=(select count(*) from PT where title=#{title}) WHERE title=#{title}
</update>
<!--수정  -->
<update id="ptremake" parameterType="pt">
UPDATE FULLCALENDAR SET title= #{title},starttime= #{starttime} , endtime= #{endtime} , price= #{price} WHERE log= #{log}
</update>

<!--강의지우기  -->
<delete id="ptdelete" parameterType="pt">
	DELETE FROM FULLCALENDAR WHERE log=#{log}
	</delete>
 

<select parameterType="pt" id="ptr" resultType="pt">
SELECT * FROM FULLCALENDAR where LOG=#{log} order by title asc</select>

<insert parameterType="pt" id="addpt"> 
INSERT INTO PT VALUES(#{id},#{tranl},#{title},#{starttime},#{endtime},#{price}) 
</insert>

<select parameterType="pt" id="cardtest" resultType="pt"> SELECT * FROM PT WHERE id= #{id} and title=#{title} </select>

<!--취소페이지  -->
<select id="ptoff" parameterType="pt" resultType="pt">
SELECT * FROM PT where id=#{id} order by title asc
</select>

<!--강의 취소  -->
<delete id="ptcancel" parameterType="pt">
	DELETE FROM PT WHERE title=#{title}
	</delete>


</mapper>