<?xml version="1.0" encoding="UTF-8"?>
<!DOCTYPE mapper PUBLIC "-//mybatis.org//DTD Mapper 3.0//EN"
"http://mybatis.org/dtd/mybatis-3-mapper.dtd">

<mapper namespace="kl">

<!-- 글 목록 쿼리 -->
	
	<select id="gesipanlist" resultType="kl">
	 SELECT * FROM RGESIPAN ORDER BY RID
	</select>
	
	<!-- 조회수 증가 쿼리 -->
	<update id="increaseHit" parameterType="int">
		UPDATE RGESIPAN SET RHIT=RHIT+1 WHERE RID=#{rid}
	</update>
	<!-- 부등호 기호를 이용할 때에는 CDATA로 쿼리문 감싸줘야 한다. -->
	<!-- <![CDATA[쿼리문 ]] -->

	<!-- 글 상세보기 쿼리 -->
	<select id="gesipanview" parameterType="int" resultType="kl">
		SELECT * FROM RGESIPAN WHERE RID=#{rid}
	</select>
	<!-- 글쓰기 쿼리 -->
	<insert id="gesipanwrite" parameterType="kl" useGeneratedKeys="true"
			keyProperty="Rid">
			INSERT INTO RGESIPAN VALUES(#{rtype},RGESIPAN_SEQ.nextval, #{rname},#{rtitle},#{rcontent},SYSDATE,0,#{rfilename})
			<selectKey keyProperty="Rid" resultType="int" order="AFTER">
				SELECT RGESIPAN_SEQ.CURRVAL FROM DUAL
			</selectKey>
	</insert>
	
	<!-- 글 수정업데이트 쿼리 -->
	<update id="gesipanmodifyer" parameterType="kl" >
	
		UPDATE RGESIPAN SET RTYPE=#{rtype},RNAME=#{rname},
		RTITLE=#{rtitle},RCONTENT=#{rcontent},RFILE=#{rfilename}
		WHERE RID=#{rid}
	
	</update>
	 
	<!-- 글 삭제하는 쿼리 -->
	<delete id="gesipandelete" parameterType="int">
	DELETE FROM RGESIPAN WHERE RID=#{rid}
	
	</delete>
 
</mapper>
