<?xml version="1.0" encoding="UTF-8"?>
<!DOCTYPE mapper PUBLIC "-//mybatis.org//DTD Mapper 3.0//EN"
"http://mybatis.org/dtdmybatis-3-mapper.dtd">
<mapper namespace="Member">
<insert parameterType="member" id="memberJoin"> INSERT INTO MEMBER (ID, PASSWORD, NAME, GENDER, ADDRESS, PHONE_NUMBER, EMAIL, CLASSIFY) VALUES(#{id}, #{password}, #{name}, #{gender}, #{phone_Number}, #{address}, #{email},#{classify}) </insert>

<!-- 아이디 중복확인 -->


<select parameterType="member" id="idOverlap" resultType="member"> SELECT * FROM MEMBER WHERE ID= #{id} </select>

<!-- 로그인 -->


<select parameterType="member" id="login" resultType="member"> SELECT * FROM MEMBER WHERE ID = #{id} </select>

<!-- 멤버 리스트 -->


<select id="memberList" resultType="member"> SELECT * FROM MEMBER </select>

<!-- 멤버 상세 보기 -->


<select parameterType="member" id="memberView" resultType="member"> SELECT * FROM MEMBER WHERE ID= #{id} </select>

<!-- 멤버 삭제 -->


<delete parameterType="member" id="memberDelete"> DELETE FROM MEMBER WHERE ID = #{id} </delete>


<select id="textList" parameterType="member" resultType="member">
SELECT * FROM MEMBER WHERE CLASSIFY=1 ORDER BY ID
</select>
<select id="ptView" parameterType="member" resultType="member">
SELECT * FROM MEMBER where id=#{id}
</select>



</mapper>

